fold,accuracy,f1_weighted,macro_precision,macro_recall,macro_f1
1,0.9330543933054394,0.9240951310143487,0.9295829664250718,0.749283978942454,0.806922405788876
2,0.9304857621440537,0.9198642172185504,0.9163361714039356,0.7339185996563574,0.7886832479237323
3,0.9246231155778895,0.9124605542379124,0.894339885145302,0.7140714553537951,0.7606715172956185
4,0.923785594639866,0.9121463928218455,0.9120001448106084,0.7130001606941989,0.7745487059653903
5,0.9229480737018425,0.9122819517550246,0.9101394055320863,0.7156420419407432,0.7771484567770681
