fold,accuracy,f1_weighted,model,vectorizer,ngram_range,alpha,class_prior,accuracy_mean,accuracy_std,f1_mean,f1_std
1,0.9422594142259414,0.9433551863145752,NaiveBayesModel,tfidf,"(1, 2)",0.1,"[0.3333333333333333, 0.3333333333333333, 0.3333333333333333]",,,,
2,0.9438860971524288,0.9451009244508572,NaiveBayesModel,tfidf,"(1, 2)",0.1,"[0.3333333333333333, 0.3333333333333333, 0.3333333333333333]",,,,
3,0.9422110552763819,0.9431565564780664,NaiveBayesModel,tfidf,"(1, 2)",0.1,"[0.3333333333333333, 0.3333333333333333, 0.3333333333333333]",,,,
4,0.9296482412060302,0.931379356968082,NaiveBayesModel,tfidf,"(1, 2)",0.1,"[0.3333333333333333, 0.3333333333333333, 0.3333333333333333]",,,,
5,0.948073701842546,0.9492253759808554,NaiveBayesModel,tfidf,"(1, 2)",0.1,"[0.3333333333333333, 0.3333333333333333, 0.3333333333333333]",,,,
summary,,,,,,,,0.9412157019406656,0.006165215076311435,0.9424434800384873,0.0059466062428507925
