fold,accuracy,f1_weighted,macro_precision,macro_recall,macro_f1
1,0.9556485355648535,0.9542729539422227,0.8858251218002476,0.8553475118117423,0.8693337549796984
2,0.958961474036851,0.9581398915473598,0.8958452630439702,0.8676471419414211,0.8812466926296062
3,0.9522613065326633,0.9509915030417997,0.8586395695216346,0.8399510101042765,0.8476915002577621
4,0.9547738693467337,0.9528721702166157,0.8914710105278564,0.8486017144805151,0.8671396664475174
5,0.9556113902847572,0.9542798410551288,0.8902093409531244,0.8532166223927588,0.8705348893338914
