fold,accuracy,f1_weighted,macro_precision,macro_recall,macro_f1
1,0.9422594142259414,0.9433551863145752,0.8372290255341324,0.8719108805803023,0.8534874982356427
2,0.9438860971524288,0.9451009244508572,0.84400626166211,0.8744205574705918,0.8584843145810575
3,0.9422110552763819,0.9431565564780664,0.8248394059362495,0.8503331709807834,0.8361755697756085
4,0.9296482412060302,0.931379356968082,0.8093332537414057,0.852791924892626,0.8289262846094368
5,0.948073701842546,0.9492253759808554,0.8527770505917839,0.8852071562095913,0.868267534029903
