fold,accuracy,f1_weighted,macro_precision,macro_recall,macro_f1
1,0.9539748953974896,0.9524992666773454,0.8823439857636798,0.8516021540195026,0.8655149902679354
2,0.958961474036851,0.9581789087280375,0.8966845779900373,0.8699073113600658,0.8828463356973995
3,0.9530988274706867,0.9523797050179644,0.8591253887688381,0.8494670972408856,0.8533952182639629
4,0.9547738693467337,0.9531859254046545,0.8875468545975327,0.8539397524446994,0.8684206034284916
5,0.9547738693467337,0.9533149197255026,0.8891489033799207,0.8498152618485411,0.8681095918007605
